,Set,precision,recall,fscore
0,IrisK:3 Folds:3majority manhattan,0.954783950617284,0.9530228758169935,0.9533398501140437
0,GlassK:3 Folds:3majority manhattan,0.5996906725640406,0.5331687930963295,0.5467753438021895
0,WineK:3 Folds:3majority manhattan,0.30403099712971815,0.23786310748972886,0.23870843083775384
0,seeds K:3 Folds:3majority manhattan,0.9142094164557931,0.9043880837359097,0.9049590261461012
